<?xml version="1.0" encoding="UTF-8"?>
<project-private xmlns="http://www.netbeans.org/ns/project-private/1">
    <editor-bookmarks xmlns="http://www.netbeans.org/ns/editor-bookmarks/2" lastBookmarkId="0"/>
    <open-files xmlns="http://www.netbeans.org/ns/projectui-open-files/2">
        <group>
            <file>file:/home/alumne/Escritorio/DAW2/M3%20Programacio/SPRINT%204/GestioCategories2/src/Classes/CSV.java</file>
            <file>file:/home/alumne/Escritorio/DAW2/M3%20Programacio/SPRINT%204/GestioCategories2/src/JFrame/TagsInici.java</file>
            <file>file:/home/alumne/Escritorio/DAW2/M3%20Programacio/SPRINT%204/GestioCategories2/src/JFrame/TagsConsulta.java</file>
            <file>file:/home/alumne/Escritorio/DAW2/M3%20Programacio/SPRINT%204/GestioCategories2/src/JFrame/TagsElimina.java</file>
            <file>file:/home/alumne/Escritorio/DAW2/M3%20Programacio/SPRINT%204/GestioCategories2/src/Classes/Categoria.java</file>
            <file>file:/home/alumne/Escritorio/DAW2/M3%20Programacio/SPRINT%204/GestioCategories2/src/Classes/LlistaCategories.java</file>
            <file>file:/home/alumne/Escritorio/DAW2/M3%20Programacio/SPRINT%204/GestioCategories2/src/Classes/Filelog.java</file>
        </group>
    </open-files>
</project-private>
